"Metric","P_Value"
"AVG",0.0547039790673561
"SLG",0.0577394294003345
"OPS",0.0822680791329107
"BABIP",0.293569291762867
"EV",0.0469419198070859
"LA",0.411022584814974
"HardHit%",0.855583528106374
"K%",0.144962223157322
"BB%",1
